Algorithm,QPS,CPQ
HNSW,689.272,1010.147
HNSW,603.171,909.369
HNSW,569.564,1308.181
HNSW,561.652,1407.603
HNSW,537.891,1909.739
HNSW,522.696,2164.631
HNSW,502.817,2422.108
HNSW,501.171,1159.761
HNSW,480.947,1657.247
HNSW,477.184,4509.901
HNSW,377.722,5563.487
HNSW,289.825,3460.198
HNSW,266.479,10842.594
HNSW,216.998,8201.242
HNSW,165.817,26697.132
HNSW,153.497,16126.064
HNSW,150.424,21413.558
HNSW,135.911,31981.625
HNSW,130.136,37264.155
HNSW,99.346,42546.538
ACORN,1190.618,1224.117
ACORN,801.568,1326.054
ACORN,750.894,907.409
ACORN,537.896,1068.333
ACORN,391.166,4800.728
ACORN,376.3,4001.507
ACORN,229.582,797.243
ACORN,204.517,2283.949
ACORN,198.999,8462.889
ACORN,181.422,3166.509
ACORN,170.038,6689.33
ACORN,128.976,14870.233
ACORN,110.378,11775.701
ACORN,53.323,17807.635
ACORN,43.814,30990.502
SeRF,7312.0,579.0
SeRF,5086.0,790.0
SeRF,4723.0,751.0
SeRF,4673.0,865.0
SeRF,4187.0,975.0
SeRF,3644.0,1082.0
SeRF,3611.0,477.0
SeRF,3507.0,711.0
SeRF,2803.0,1093.0
SeRF,2490.0,1497.0
SeRF,2356.0,1152.0
SeRF,2163.0,1668.0
SeRF,1861.0,1836.0
SeRF,1767.0,1611.0
SeRF,1468.0,1326.0
SeRF,1062.0,3135.0
SeRF,686.0,5230.0
SeRF,550.0,6628.0
SeRF,386.0,9256.0
SeRF,304.0,11718.0
SeRF,247.0,14059.0
SeRF,194.0,11028.0
SeRF,192.0,18467.0
SeRF,153.0,20565.0
SeRF,132.0,16302.0
WST_vamana,1092.176590540046,5711.03
WST_vamana,1065.115242626916,6289.25
WST_vamana,894.3794013380601,7148.0
WST_vamana,878.2467227899772,8000.02
WST_vamana,773.1518461736209,8566.39
WST_vamana,493.8366029367703,14231.4
WST_vamana,373.6721190867488,19916.5
WST_vamana,284.7112357245296,23953.4
WST_vamana,240.3714224640889,27347.2
WST_vamana,178.5204826595414,36299.0
WST_vamana,137.31405402158836,43847.4
WST_opt,2487.324991060156,2135.21
WST_opt,2435.251195604835,2328.86
WST_opt,2403.3226937380905,2469.83
WST_opt,1907.0116837601763,5984.15
WST_opt,1885.7730578619708,5780.59
WST_opt,1798.2505670681269,2646.55
WST_opt,1498.994024186306,4407.37
WST_opt,1498.499179993792,4869.86
WST_opt,1428.382275775902,4845.02
WST_opt,1406.628031132452,5195.41
WST_opt,1235.3377596885548,4630.95
WST_opt,1170.048211474931,5186.04
WST_opt,911.6180978678246,7194.55
WST_opt,700.6367681824781,8972.68
WST_opt,537.8981891009078,10605.6
WST_opt,404.87579144029314,14741.3
WST_opt,286.5872544070068,18516.2
UNIFY,1437.2935,3492.0313
UNIFY,1316.191532,3611.1589
UNIFY,1301.466169,3867.0046
UNIFY,1267.772273,3997.9146
UNIFY,1140.7634,4413.6146
UNIFY,1047.719725,4564.447
UNIFY,952.774457,4950.8174
UNIFY,919.392907,5120.9299
UNIFY,856.548789,5486.9911
UNIFY,850.409066,5303.8443
UNIFY,540.859719,8561.1819
UNIFY,501.724208,8863.8419
UNIFY,384.340891,11483.0564
UNIFY,372.093198,11896.2603
UNIFY,312.940304,14176.6984
UNIFY,304.905658,14692.3073
UNIFY,274.668641,16703.7698
UNIFY,266.216198,17315.4446
UNIFY,203.644139,22503.4662
UNIFY,190.548369,23334.6897
UNIFY,158.031369,27756.6722
UNIFY,154.756747,28786.9064
UNIFY,119.021071,37207.3456
UNIFY,115.584889,38597.4964
UNIFY,98.980936,45687.2971
UNIFY,96.358603,47403.1117
UNIFY,81.712026,53500.5709
UNIFY,80.906184,55517.77
UNIFY,49.677278,89876.2121
UNIFY,49.399477,86567.9358
UNIFY_hybrid,14693.794616,238.778
UNIFY_hybrid,12529.316595,238.923
UNIFY_hybrid,8963.471266,339.0492
UNIFY_hybrid,8925.541819,238.778
UNIFY_hybrid,8346.280672,597.7293
UNIFY_hybrid,7949.157884,361.3277
UNIFY_hybrid,7755.528835,542.9119
UNIFY_hybrid,7501.447778,542.9119
UNIFY_hybrid,6987.200556,238.923
UNIFY_hybrid,6936.77097,266.142
UNIFY_hybrid,6935.566576,412.9623
UNIFY_hybrid,6679.074768,413.1993
UNIFY_hybrid,6358.228526,266.3163
UNIFY_hybrid,5612.473293,948.7267
UNIFY_hybrid,5498.628065,749.8331
UNIFY_hybrid,3757.085566,1328.8091
UNIFY_hybrid,3535.74796,238.923
UNIFY_hybrid,3265.721296,1249.3184
UNIFY_hybrid,2960.427027,462.1233
UNIFY_hybrid,2710.314779,238.778
UNIFY_hybrid,2685.209187,1030.5052
UNIFY_hybrid,2401.996869,1863.3964
UNIFY_hybrid,2388.433531,303.9583
UNIFY_hybrid,2105.235578,1390.5571
UNIFY_hybrid,2055.963042,2071.7146
UNIFY_hybrid,1725.316314,2459.7511
UNIFY_hybrid,1691.184647,238.923
UNIFY_hybrid,1611.268566,361.1501
UNIFY_hybrid,1549.364727,2282.1253
UNIFY_hybrid,1444.656447,507.7311
UNIFY_hybrid,1431.194412,3080.3987
UNIFY_hybrid,1419.11094,238.778
UNIFY_hybrid,1247.760649,542.9119
UNIFY_hybrid,1195.37648,1031.3173
UNIFY_hybrid,1174.015802,675.8307
UNIFY_hybrid,1168.559448,554.1042
UNIFY_hybrid,1168.038153,798.343
UNIFY_hybrid,1122.29033,303.7766
UNIFY_hybrid,1031.382011,461.8418
UNIFY_hybrid,1029.791319,238.778
UNIFY_hybrid,945.790748,4255.6373
UNIFY_hybrid,936.445501,948.7267
UNIFY_hybrid,890.544702,1421.5296
UNIFY_hybrid,762.332954,948.7267
UNIFY_hybrid,706.443766,1391.5545
UNIFY_hybrid,689.58061,5899.0604
UNIFY_hybrid,640.466561,879.1581
UNIFY_hybrid,638.032668,948.7267
UNIFY_hybrid,616.375628,508.0596
UNIFY_hybrid,568.65899,7786.823
UNIFY_hybrid,553.909033,553.7698
UNIFY_hybrid,548.301523,7445.0924
UNIFY_hybrid,480.898699,948.7267
UNIFY_hybrid,450.054937,721.6944
UNIFY_hybrid,447.426068,8921.5361
UNIFY_hybrid,444.240005,1141.0016
UNIFY_hybrid,420.624047,10671.4027
UNIFY_hybrid,418.989137,1190.4773
UNIFY_hybrid,404.99574,879.746
UNIFY_hybrid,347.035648,13339.4395
UNIFY_hybrid,330.326384,3382.4842
UNIFY_hybrid,325.729653,1029.7883
UNIFY_hybrid,286.616975,15853.3915
UNIFY_hybrid,284.484224,4549.0494
UNIFY_hybrid,277.613603,6227.7646
UNIFY_hybrid,266.887444,1046.7176
UNIFY_hybrid,266.586348,15629.7751
UNIFY_hybrid,216.379382,3413.3741
UNIFY_hybrid,167.506063,27013.5585
UNIFY_hybrid,158.52659,1538.3122
DSG,2805.9527,317.3748
DSG,1805.5192,463.5007
DSG,1666.7167,384.1592
DSG,1622.6417,508.0878
DSG,1233.1627,610.346
DSG,1191.806,668.1421
DSG,1133.054,705.0957
DSG,1035.4639,550.3281
DSG,990.3414,795.7776
DSG,860.7714,486.0062
DSG,563.3935,884.9551
DSG,525.6661,970.6985
DSG,453.1306,1055.4993
DSG,446.3793,1702.7086
DSG,403.6181,1383.8561
DSG,380.8477,2011.5029
DSG,280.1032,2751.1468
DSG,146.0025,3457.7486
DSG,129.3826,4792.2318
DSG,106.5613,6052.0608
DSG,88.5048,7257.5805
DSG,44.6168,12757.627
iRangeGraph,4143.47,840.0
iRangeGraph,4132.95,842.0
iRangeGraph,4067.69,840.0
iRangeGraph,4043.5,840.0
iRangeGraph,4037.35,839.0
iRangeGraph,4025.62,840.0
iRangeGraph,3935.79,840.0
iRangeGraph,3783.94,839.0
iRangeGraph,3221.35,848.0
iRangeGraph,2094.76,1285.0
iRangeGraph,1855.81,1793.0
iRangeGraph,1088.11,2296.0
iRangeGraph,894.744,4026.0
iRangeGraph,844.976,2796.0
iRangeGraph,548.194,5230.0
iRangeGraph,352.082,9828.0
iRangeGraph,317.911,12025.0
iRangeGraph,312.737,7567.0
iRangeGraph,178.069,22321.0
